Feature,W,p-value,Normal
Age,0.9921638309297673,0.0036651644458419903,No
Total_Bilirubin,0.4597718112747907,1.5773780666994543e-38,No
Direct_Bilirubin,0.5295109044973063,1.1563003838236672e-36,No
Alkaline_Phosphotase,0.5850890708837735,5.217318370788808e-35,No
Alamine_Aminotransferase,0.3276568054316613,1.402674075509902e-41,No
Aspartate_Aminotransferase,0.28022424482956887,1.4843168987897787e-42,No
Total_Protiens,0.992174726704366,0.0037022219171218645,No
Albumin,0.9927341529375192,0.006234972473889559,No
Albumin_and_Globulin_Ratio,0.9465086702915063,1.3053102542666784e-13,No
